{
    "accuracy": 0.5827338129496403,
    "precision": {
        "Gibson Assembly": 0.6410256410256411,
        "Restriction Digestion": 0.4166666666666667,
        "Protein Purification": 0.4642857142857143,
        "Concentrate DNA": 0.5,
        "Plasmid Miniprep": 0.5,
        "qPCR Assay": 0.5263157894736842,
        "LB Agar Plate": 0.75,
        "Agarose Gel Extraction": 0.0,
        "Ethanol Precipitation": 0.7457627118644068,
        "Modular Cloning": 0.6666666666666666,
        "Spectrophotometric Assay": 0.6382978723404256,
        "DNA Extraction": 0.5652173913043478,
        "Colony PCR": 0.5490196078431373,
        "Gel Electrophoresis": 0.6197183098591549,
        "Glycerol Stock": 1.0,
        "Cell Transformation": 0.5,
        "PCR Reaction": 0.5128205128205128
    },
    "recall": {
        "Gibson Assembly": 0.6410256410256411,
        "Restriction Digestion": 0.4,
        "Protein Purification": 0.40625,
        "Concentrate DNA": 0.4,
        "Plasmid Miniprep": 0.5,
        "qPCR Assay": 0.4878048780487805,
        "LB Agar Plate": 0.75,
        "Agarose Gel Extraction": 0.0,
        "Ethanol Precipitation": 0.8148148148148148,
        "Modular Cloning": 0.6428571428571429,
        "Spectrophotometric Assay": 0.625,
        "DNA Extraction": 0.6842105263157895,
        "Colony PCR": 0.5833333333333334,
        "Gel Electrophoresis": 0.6666666666666666,
        "Glycerol Stock": 0.3333333333333333,
        "Cell Transformation": 0.21428571428571427,
        "PCR Reaction": 0.4444444444444444
    },
    "f1_score": {
        "Gibson Assembly": 0.6410256410256411,
        "Restriction Digestion": 0.4081632653061225,
        "Protein Purification": 0.4333333333333333,
        "Concentrate DNA": 0.4444444444444445,
        "Plasmid Miniprep": 0.5,
        "qPCR Assay": 0.5063291139240507,
        "LB Agar Plate": 0.75,
        "Agarose Gel Extraction": 0.0,
        "Ethanol Precipitation": 0.7787610619469028,
        "Modular Cloning": 0.6545454545454545,
        "Spectrophotometric Assay": 0.631578947368421,
        "DNA Extraction": 0.6190476190476191,
        "Colony PCR": 0.5656565656565657,
        "Gel Electrophoresis": 0.6423357664233577,
        "Glycerol Stock": 0.5,
        "Cell Transformation": 0.3,
        "PCR Reaction": 0.47619047619047616
    },
    "support": {
        "Gibson Assembly": 